{"cameraMode":{"drawMode":0,"name":"Shaded","section":"Shading Mode"},"sceneLighting":false,"audioPlay":false,"sceneViewState":{"m_AlwaysRefresh":false,"showFog":true,"showSkybox":false,"showFlares":true,"showImageEffects":true,"showParticleSystems":true,"showVisualEffectGraphs":true,"m_FxEnabled":true},"in2DMode":false,"pivot":{"x":-2.1780354976654054,"y":2.0989930629730226,"z":50.19853973388672},"rotation":{"x":0.015064478851854802,"y":-0.6347957253456116,"z":0.012379941530525685,"w":0.7724359035491943},"size":39.37693405151367,"orthographic":true}